subject,parameter,value
t=0,conc,24.999999977463123
t=0,auc,0
t=0,accum_c,
t=1.9999999999999999e-06,conc,24.99999997746313
t=1.9999999999999999e-06,auc,4.9999999954926249e-05
t=1.9999999999999999e-06,accum_c,
t=0.02,conc,24.999999977533676
t=0.02,auc,0.4999999995499691
t=0.02,accum_c,
t=0.10000000000000001,conc,24.999999977809534
t=0.10000000000000001,auc,2.4999999977637639
t=0.10000000000000001,accum_c,
t=0.20000000000000001,conc,24.99999997814087
t=0.20000000000000001,auc,4.9999999955614047
t=0.20000000000000001,accum_c,
t=0.49799999799799982,conc,24.999999979050674
t=0.49799999799799982,auc,12.449999939135624
t=0.49799999799799982,accum_c,
t=0.49799999999799999,conc,24.999999979050674
t=0.49799999999799999,auc,12.449999989135629
t=0.49799999999799999,accum_c,
t=0.49999999799999983,conc,24.99999997905643
t=0.49999999799999983,auc,12.499999939143732
t=0.49999999799999983,accum_c,
t=0.5,conc,24.999999969056429
t=0.5,auc,12.499999989143737
t=0.5,accum_c,
t=0.50199999800199979,conc,24.999999969074171
t=0.50199999800199979,auc,12.549999939131862
t=0.50199999800199979,accum_c,2501.502460958382
t=0.50200000000199996,conc,24.999999969074171
t=0.50200000000199996,auc,12.549999989131866
t=0.50200000000199996,accum_c,2501.4999609556498
t=0.80000000000000004,conc,24.999999971446329
t=0.80000000000000004,auc,19.999999980232165
t=0.80000000000000004,accum_c,18.159164660725402
t=1,conc,24.999999972780291
t=1,auc,24.999999974657857
t=1,accum_c,11.484954238998757
t=1.2,conc,24.999999973948519
t=1.2,auc,29.999999969333246
t=1.2,accum_c,8.618509122426703
t=1.5,conc,24.999999975451107
t=1.5,auc,37.499999961749886
t=1.5,accum_c,6.4589227559075253
t=1.8,conc,24.999999976719398
t=1.8,auc,44.999999954580545
t=1.8,accum_c,5.2857078955516368
t=1.98,conc,24.999999977391912
t=1.98,auc,49.499999950451446
t=1.98,accum_c,4.8053476631222187
t=2,conc,24.999999977463123
t=2,auc,49.999999949999996
t=2,accum_c,4.7588680749170935
t=2.0000000020000002,conc,24.999999977463123
t=2.0000000020000002,auc,50
t=2.0000000020000002,accum_c,4.7588680703288633
scalar,cmax_ss,24.99999997905643
scalar,tmax_ss,0.49999999799999983
scalar,cmin_ss,24.999999969056429
scalar,cav_ss,24.999999974999998
scalar,auc_tau_ss,50
scalar,accum_cmax,3.8879934843371369
scalar,accum_auc,11.394076113190124
