subject,time,conc,dose
1,0,0.74,319.992
1,0.25,2.84,319.992
1,0.57,6.57,319.992
1,1.12,10.5,319.992
1,2.02,9.66,319.992
1,3.82,8.58,319.992
1,5.1,8.36,319.992
1,7.03,7.47,319.992
1,9.05,6.89,319.992
1,12.12,5.94,319.992
1,24.37,3.28,319.992
2,0,0,318.56
2,0.27,1.72,318.56
2,0.52,7.91,318.56
2,1,8.31,318.56
2,1.92,8.33,318.56
2,3.5,6.85,318.56
2,5.02,6.08,318.56
2,7.03,5.4,318.56
2,9,4.55,318.56
2,12,3.01,318.56
2,24.3,0.9,318.56
3,0,0,319.365
3,0.27,4.4,319.365
3,0.58,6.9,319.365
3,1.02,8.2,319.365
3,2.02,7.8,319.365
3,3.62,7.5,319.365
3,5.08,6.2,319.365
3,7.07,5.3,319.365
3,9,4.9,319.365
3,12.15,3.7,319.365
3,24.17,1.05,319.365
4,0,0,319.88
4,0.35,1.89,319.88
4,0.6,4.6,319.88
4,1.07,8.6,319.88
4,2.13,8.38,319.88
4,3.5,7.54,319.88
4,5.02,6.88,319.88
4,7.02,5.78,319.88
4,9.02,5.33,319.88
4,11.98,4.19,319.88
4,24.65,1.15,319.88
5,0,0,319.956
5,0.3,2.02,319.956
5,0.52,5.63,319.956
5,1,11.4,319.956
5,2.02,9.33,319.956
5,3.5,8.74,319.956
5,5.02,7.56,319.956
5,7.02,7.09,319.956
5,9.1,5.9,319.956
5,12,4.37,319.956
5,24.35,1.57,319.956
6,0,0,320
6,0.27,1.29,320
6,0.58,3.08,320
6,1.15,6.44,320
6,2.03,6.32,320
6,3.57,5.53,320
6,5,4.94,320
6,7,4.02,320
6,9.22,3.46,320
6,12.1,2.78,320
6,23.85,0.92,320
7,0,0.15,319.77
7,0.25,0.85,319.77
7,0.5,2.35,319.77
7,1.02,5.02,319.77
7,2.02,6.58,319.77
7,3.48,7.09,319.77
7,5,6.66,319.77
7,6.98,5.25,319.77
7,9,4.39,319.77
7,12.05,3.53,319.77
7,24.22,1.15,319.77
8,0,0,319.365
8,0.25,3.05,319.365
8,0.52,3.05,319.365
8,0.98,7.31,319.365
8,2.02,7.56,319.365
8,3.53,6.59,319.365
8,5.05,5.88,319.365
8,7.15,4.73,319.365
8,9.07,4.57,319.365
8,12.1,3,319.365
8,24.12,1.25,319.365
9,0,0,267.84
9,0.3,7.37,267.84
9,0.63,9.03,267.84
9,1.05,7.14,267.84
9,2.02,6.33,267.84
9,3.53,5.66,267.84
9,5.02,5.67,267.84
9,7.17,4.24,267.84
9,8.8,4.11,267.84
9,11.6,3.16,267.84
9,24.43,1.12,267.84
10,0,0.24,320.1
10,0.37,2.89,320.1
10,0.77,5.22,320.1
10,1.02,6.41,320.1
10,2.05,7.83,320.1
10,3.55,10.21,320.1
10,5.05,9.18,320.1
10,7.08,8.02,320.1
10,9.38,7.14,320.1
10,12.1,5.68,320.1
10,23.7,2.42,320.1
11,0,0,319.8
11,0.25,4.86,319.8
11,0.5,7.24,319.8
11,0.98,8,319.8
11,1.98,6.81,319.8
11,3.6,5.87,319.8
11,5.02,5.22,319.8
11,7.03,4.45,319.8
11,9.03,3.62,319.8
11,12.12,2.69,319.8
11,24.08,0.86,319.8
12,0,0,320.65
12,0.25,1.25,320.65
12,0.5,3.96,320.65
12,1,7.82,320.65
12,2,9.72,320.65
12,3.52,9.75,320.65
12,5.07,8.57,320.65
12,7.07,6.59,320.65
12,9.03,6.11,320.65
12,12.05,4.57,320.65
12,24.15,1.17,320.65
